<keymap version="1" name="shubham" parent="Mac OS X 10.5+">
  <action id="$Cut">
    <keyboard-shortcut first-keystroke="meta x" />
    <keyboard-shortcut first-keystroke="ctrl x" />
  </action>
  <action id="$Delete">
    <keyboard-shortcut first-keystroke="delete" />
    <keyboard-shortcut first-keystroke="back_space" />
  </action>
  <action id="$Redo">
    <keyboard-shortcut first-keystroke="meta y" />
    <keyboard-shortcut first-keystroke="ctrl y" />
  </action>
  <action id="$Undo">
    <keyboard-shortcut first-keystroke="meta z" />
    <keyboard-shortcut first-keystroke="ctrl z" />
  </action>
  <action id="ActivateDatabaseToolWindow">
    <keyboard-shortcut first-keystroke="meta 1" />
    <keyboard-shortcut first-keystroke="alt 1" />
  </action>
  <action id="ActivateKubernetesToolWindow">
    <keyboard-shortcut first-keystroke="alt k" />
  </action>
  <action id="ActivateProjectToolWindow">
    <keyboard-shortcut first-keystroke="meta 1" />
    <keyboard-shortcut first-keystroke="ctrl k" />
    <keyboard-shortcut first-keystroke="meta back_slash" />
  </action>
  <action id="ActivateServicesToolWindow">
    <keyboard-shortcut first-keystroke="meta 8" />
    <keyboard-shortcut first-keystroke="ctrl back_quote" />
  </action>
  <action id="ActivateTerminalToolWindow">
    <keyboard-shortcut first-keystroke="alt f12" />
    <keyboard-shortcut first-keystroke="ctrl back_quote" />
  </action>
  <action id="Arrangement.Alias.Rule.Add" />
  <action id="Arrangement.Alias.Rule.Match.Condition.Move.Down" />
  <action id="Arrangement.Rule.Add" />
  <action id="Arrangement.Rule.Group.Condition.Move.Down" />
  <action id="Arrangement.Rule.Group.Condition.Move.Up" />
  <action id="Arrangement.Rule.Match.Condition.Move.Down" />
  <action id="Arrangement.Rule.Match.Condition.Move.Up" />
  <action id="ChangesView.GroupBy.Directory" />
  <action id="ChangesView.Revert">
    <keyboard-shortcut first-keystroke="meta alt z" />
    <keyboard-shortcut first-keystroke="alt z" />
  </action>
  <action id="ChangesView.ShelveSilently" />
  <action id="ChangesView.ToggleCommitUi" />
  <action id="CheckinProject" />
  <action id="CloseContent">
    <keyboard-shortcut first-keystroke="meta w" />
    <keyboard-shortcut first-keystroke="ctrl w" />
  </action>
  <action id="CodeFloatingToolbar.GotoPrevMenu" />
  <action id="CollapseSelection" />
  <action id="Compare.SameVersion" />
  <action id="CompareTwoFiles" />
  <action id="Console.SplitLine" />
  <action id="Console.TableResult.AddRow" />
  <action id="Console.TableResult.ColumnSortAsc">
    <keyboard-shortcut first-keystroke="meta up" />
  </action>
  <action id="Console.TableResult.ColumnSortDesc">
    <keyboard-shortcut first-keystroke="meta down" />
  </action>
  <action id="Console.TableResult.EditValue">
    <keyboard-shortcut first-keystroke="enter" />
    <keyboard-shortcut first-keystroke="f2" />
  </action>
  <action id="Console.TableResult.GotoReferencedResult">
    <mouse-shortcut keystroke="button1 doubleClick" />
    <keyboard-shortcut first-keystroke="enter" />
    <keyboard-shortcut first-keystroke="f2" />
  </action>
  <action id="Console.TableResult.NavigateForeignAction">
    <mouse-shortcut keystroke="button2" />
    <keyboard-shortcut first-keystroke="alt f" />
  </action>
  <action id="Console.TableResult.Reload" />
  <action id="Console.TableResult.RenameColumn">
    <keyboard-shortcut first-keystroke="alt r" />
  </action>
  <action id="Console.TableResult.SetNull" />
  <action id="DatabaseView.CopyAction" />
  <action id="DatabaseView.OpenFamilyAction">
    <keyboard-shortcut first-keystroke="f4" />
  </action>
  <action id="DatabaseView.PropertiesAction" />
  <action id="DatabaseView.Refresh" />
  <action id="DatabaseView.Tools" />
  <action id="Debug" />
  <action id="Diff.FocusOppositePane" />
  <action id="Diff.NextChange" />
  <action id="Diff.PrevChange" />
  <action id="Diff.ShowDiff" />
  <action id="DirDiffMenu.SynchronizeDiff.All" />
  <action id="Docker.RemoteServers.StartComposeService" />
  <action id="Docker.RemoteServers.StartContainer" />
  <action id="EditSource">
    <keyboard-shortcut first-keystroke="f4" />
  </action>
  <action id="Editor Cut">
    <keyboard-shortcut first-keystroke="ctrl x" />
  </action>
  <action id="Editor Redo">
    <keyboard-shortcut first-keystroke="meta y" />
    <keyboard-shortcut first-keystroke="ctrl y" />
  </action>
  <action id="Editor Undo">
    <keyboard-shortcut first-keystroke="ctrl z" />
  </action>
  <action id="EditorAddCaretPerSelectedLine">
    <keyboard-shortcut first-keystroke="shift meta l" />
  </action>
  <action id="EditorChooseLookupItemDot" />
  <action id="EditorCloneCaretAbove">
    <keyboard-shortcut first-keystroke="shift meta up" />
  </action>
  <action id="EditorCloneCaretBelow">
    <keyboard-shortcut first-keystroke="shift meta down" />
  </action>
  <action id="EditorCodeBlockEnd">
    <keyboard-shortcut first-keystroke="meta alt close_bracket" />
    <keyboard-shortcut first-keystroke="alt down" />
  </action>
  <action id="EditorCodeBlockEndWithSelection">
    <keyboard-shortcut first-keystroke="shift meta alt close_bracket" />
    <keyboard-shortcut first-keystroke="shift alt down" />
  </action>
  <action id="EditorCodeBlockStart">
    <keyboard-shortcut first-keystroke="meta alt open_bracket" />
    <keyboard-shortcut first-keystroke="alt up" />
  </action>
  <action id="EditorCodeBlockStartWithSelection">
    <keyboard-shortcut first-keystroke="shift meta alt open_bracket" />
    <keyboard-shortcut first-keystroke="shift alt up" />
  </action>
  <action id="EditorCopy">
    <keyboard-shortcut first-keystroke="meta c" />
  </action>
  <action id="EditorCut">
    <keyboard-shortcut first-keystroke="meta x" />
  </action>
  <action id="EditorCutLineEnd" />
  <action id="EditorDelete">
    <keyboard-shortcut first-keystroke="delete" />
    <keyboard-shortcut first-keystroke="back_space" />
  </action>
  <action id="EditorDown">
    <keyboard-shortcut first-keystroke="down" />
  </action>
  <action id="EditorDuplicate">
    <keyboard-shortcut first-keystroke="shift ctrl down" />
  </action>
  <action id="EditorIndentLineOrSelection">
    <keyboard-shortcut first-keystroke="ctrl close_bracket" />
    <keyboard-shortcut first-keystroke="tab" />
  </action>
  <action id="EditorLeft">
    <keyboard-shortcut first-keystroke="left" />
  </action>
  <action id="EditorLineEnd">
    <keyboard-shortcut first-keystroke="ctrl e" />
  </action>
  <action id="EditorLineEndWithSelection">
    <keyboard-shortcut first-keystroke="shift ctrl e" />
    <keyboard-shortcut first-keystroke="meta right" />
  </action>
  <action id="EditorLineStart">
    <keyboard-shortcut first-keystroke="ctrl a" />
  </action>
  <action id="EditorLineStartWithSelection">
    <keyboard-shortcut first-keystroke="shift ctrl a" />
    <keyboard-shortcut first-keystroke="meta left" />
  </action>
  <action id="EditorPaste">
    <keyboard-shortcut first-keystroke="meta v" />
  </action>
  <action id="EditorPasteSimple">
    <keyboard-shortcut first-keystroke="shift ctrl v" />
  </action>
  <action id="EditorRight">
    <keyboard-shortcut first-keystroke="right" />
  </action>
  <action id="EditorScrollToCenter" />
  <action id="EditorSelectWord">
    <keyboard-shortcut first-keystroke="meta e" />
  </action>
  <action id="EditorSplitLine" />
  <action id="EditorUnSelectWord" />
  <action id="EditorUnindentSelection">
    <keyboard-shortcut first-keystroke="ctrl open_bracket" />
    <keyboard-shortcut first-keystroke="shift tab" />
  </action>
  <action id="EditorUp">
    <keyboard-shortcut first-keystroke="up" />
  </action>
  <action id="ExpressionTypeInfo" />
  <action id="ExternalSystem.OpenConfig">
    <keyboard-shortcut first-keystroke="f4" />
  </action>
  <action id="FileChooser.GoToParent" />
  <action id="FileChooser.GotoDesktop" />
  <action id="FileChooser.NewFolder">
    <keyboard-shortcut first-keystroke="ctrl n" />
  </action>
  <action id="FindNext" />
  <action id="FindSelectionInPath">
    <keyboard-shortcut first-keystroke="shift meta f" />
  </action>
  <action id="FindUsages">
    <keyboard-shortcut first-keystroke="meta u" />
  </action>
  <action id="FindWordAtCaret">
    <keyboard-shortcut first-keystroke="alt d" />
  </action>
  <action id="Generate">
    <keyboard-shortcut first-keystroke="meta enter" />
  </action>
  <action id="Git.Commit.Stage" />
  <action id="Git.CreateNewBranch" />
  <action id="Git.New.Branch.In.Log" />
  <action id="GitLab.Merge.Request.List.Refresh" />
  <action id="GitLab.Merge.Request.Refresh" />
  <action id="Github.PullRequest.Comments.Reload" />
  <action id="Github.PullRequest.Details.Reload" />
  <action id="GoOpenSettings">
    <keyboard-shortcut first-keystroke="f4" />
  </action>
  <action id="GotoAction">
    <keyboard-shortcut first-keystroke="shift meta p" />
    <keyboard-shortcut first-keystroke="shift ctrl p" />
  </action>
  <action id="GotoDeclaration">
    <keyboard-shortcut first-keystroke="alt f" />
  </action>
  <action id="GotoFile">
    <keyboard-shortcut first-keystroke="shift meta o" />
    <keyboard-shortcut first-keystroke="ctrl p" />
  </action>
  <action id="GotoImplementation">
    <keyboard-shortcut first-keystroke="meta i" />
    <mouse-shortcut keystroke="meta button1" />
  </action>
  <action id="GotoLine">
    <keyboard-shortcut first-keystroke="meta g" />
  </action>
  <action id="GotoRow" />
  <action id="GotoSuperMethod" />
  <action id="HTTPClient.PreviewHtml.NavigateBack">
    <keyboard-shortcut first-keystroke="left" />
  </action>
  <action id="HideActiveWindow">
    <keyboard-shortcut first-keystroke="shift escape" />
    <keyboard-shortcut first-keystroke="meta back_quote" />
  </action>
  <action id="Inline" />
  <action id="Jdbc.OpenConsole.New">
    <keyboard-shortcut first-keystroke="ctrl q" />
  </action>
  <action id="Jdbc.OpenConsole.New.Generate" />
  <action id="Jdbc.OpenEditor.Console">
    <keyboard-shortcut first-keystroke="f4" />
    <keyboard-shortcut first-keystroke="alt q" />
  </action>
  <action id="Jdbc.OpenEditor.Data">
    <keyboard-shortcut first-keystroke="f4" />
  </action>
  <action id="JsonJacksonReformatAction">
    <keyboard-shortcut first-keystroke="shift ctrl f" />
  </action>
  <action id="List-selectFirstRow" />
  <action id="List-selectFirstRowExtendSelection" />
  <action id="List-selectLastRow">
    <keyboard-shortcut first-keystroke="meta end" />
  </action>
  <action id="List-selectLastRowExtendSelection" />
  <action id="List-selectPreviousColumn">
    <keyboard-shortcut first-keystroke="left" />
  </action>
  <action id="List-selectPreviousRow">
    <keyboard-shortcut first-keystroke="up" />
  </action>
  <action id="MergeAllWindowsAction">
    <keyboard-shortcut first-keystroke="alt m" />
  </action>
  <action id="MethodDown" />
  <action id="MethodHierarchy" />
  <action id="MethodHierarchy.BaseOnThisMethod" />
  <action id="MethodOverloadSwitchDown" />
  <action id="MethodOverloadSwitchUp" />
  <action id="MoveLineDown">
    <keyboard-shortcut first-keystroke="meta down" />
  </action>
  <action id="MoveLineUp">
    <keyboard-shortcut first-keystroke="meta up" />
  </action>
  <action id="MoveStatementDown" />
  <action id="MoveStatementUp" />
  <action id="NavBar-navigate">
    <keyboard-shortcut first-keystroke="f4" />
  </action>
  <action id="NavBar-selectHome">
    <keyboard-shortcut first-keystroke="home" />
  </action>
  <action id="NavBar-selectLeft">
    <keyboard-shortcut first-keystroke="left" />
  </action>
  <action id="NavBar-selectUp">
    <keyboard-shortcut first-keystroke="up" />
  </action>
  <action id="NewDir">
    <keyboard-shortcut first-keystroke="meta alt n" />
  </action>
  <action id="NewElement">
    <keyboard-shortcut first-keystroke="ctrl n" />
  </action>
  <action id="NewFile">
    <keyboard-shortcut first-keystroke="meta n" />
  </action>
  <action id="NextEditorTab" />
  <action id="NextSplitter">
    <keyboard-shortcut first-keystroke="meta k" second-keystroke="meta right" />
  </action>
  <action id="NextTab">
    <keyboard-shortcut first-keystroke="ctrl tab" />
  </action>
  <action id="NextWindow" />
  <action id="OpenBookmarkGroup">
    <keyboard-shortcut first-keystroke="f4" />
  </action>
  <action id="PopupMenu-selectPrevious">
    <keyboard-shortcut first-keystroke="up" />
  </action>
  <action id="PrevParameter" />
  <action id="PrevSplitter">
    <keyboard-shortcut first-keystroke="meta k" second-keystroke="meta left" />
  </action>
  <action id="PreviousEditorTab" />
  <action id="PreviousTab">
    <keyboard-shortcut first-keystroke="shift ctrl tab" />
  </action>
  <action id="PreviousTemplateVariable" />
  <action id="ProblemsView.QuickFixes" />
  <action id="ProjectViewEditSource">
    <keyboard-shortcut first-keystroke="f4" />
  </action>
  <action id="QuickChangeScheme">
    <keyboard-shortcut first-keystroke="ctrl t" />
  </action>
  <action id="QuickImplementations">
    <keyboard-shortcut first-keystroke="alt space" />
  </action>
  <action id="RecentFiles" />
  <action id="Refactorings.QuickListPopupAction" />
  <action id="ReformatCode">
    <keyboard-shortcut first-keystroke="shift ctrl f" />
  </action>
  <action id="Refresh" />
  <action id="RemoteHostView.EditSource">
    <keyboard-shortcut first-keystroke="f4" />
  </action>
  <action id="RenameElement">
    <keyboard-shortcut first-keystroke="shift alt r" />
    <keyboard-shortcut first-keystroke="alt r" />
  </action>
  <action id="RenameFile">
    <keyboard-shortcut first-keystroke="alt r" />
  </action>
  <action id="RenameProject">
    <keyboard-shortcut first-keystroke="alt r" />
  </action>
  <action id="ReplaceInPath">
    <keyboard-shortcut first-keystroke="shift meta r" />
    <keyboard-shortcut first-keystroke="shift meta h" />
  </action>
  <action id="Rerun" />
  <action id="RerunTests">
    <keyboard-shortcut first-keystroke="ctrl meta r" />
  </action>
  <action id="Run" />
  <action id="RunDashboard.CopyConfiguration" />
  <action id="SafeDelete">
    <keyboard-shortcut first-keystroke="meta delete" />
    <keyboard-shortcut first-keystroke="meta back_space" />
  </action>
  <action id="SearchEverywhere.NavigateToNextGroup">
    <keyboard-shortcut first-keystroke="page_down" />
  </action>
  <action id="SearchEverywhere.NavigateToPrevGroup">
    <keyboard-shortcut first-keystroke="page_up" />
  </action>
  <action id="SearchEverywhere.PrevTab" />
  <action id="SegmentedButton-left">
    <keyboard-shortcut first-keystroke="left" />
  </action>
  <action id="SelectAllOccurrences">
    <keyboard-shortcut first-keystroke="alt enter" />
  </action>
  <action id="SelectNextOccurrence">
    <keyboard-shortcut first-keystroke="meta d" />
  </action>
  <action id="SendEOF" />
  <action id="ServiceView.AddService" />
  <action id="ServiceView.GroupByContributor" />
  <action id="ServiceView.GroupByServiceGroups" />
  <action id="SetShortcutAction" />
  <action id="ShowContent" />
  <action id="ShowIntentionActions" />
  <action id="ShowNavBar">
    <keyboard-shortcut first-keystroke="alt home" />
  </action>
  <action id="ShowReformatFileDialog">
    <keyboard-shortcut first-keystroke="shift ctrl f" />
  </action>
  <action id="ShowSearchHistory" />
  <action id="SmartSelect">
    <keyboard-shortcut first-keystroke="meta e" />
  </action>
  <action id="SpeedSearch">
    <keyboard-shortcut first-keystroke="meta f" />
  </action>
  <action id="SplitChooser.Duplicate" />
  <action id="SplitChooser.NextWindow" />
  <action id="SplitChooser.PreviousWindow" />
  <action id="SplitChooser.SplitLeft">
    <keyboard-shortcut first-keystroke="left" />
  </action>
  <action id="SplitChooser.SplitTop">
    <keyboard-shortcut first-keystroke="up" />
  </action>
  <action id="SplitHorizontally">
    <keyboard-shortcut first-keystroke="meta k" second-keystroke="down" />
  </action>
  <action id="SplitVertically">
    <keyboard-shortcut first-keystroke="meta k" second-keystroke="right" />
  </action>
  <action id="Sql.EditParameter">
    <keyboard-shortcut first-keystroke="f4" />
  </action>
  <action id="Switcher" />
  <action id="SwitcherIterateItems" />
  <action id="SwitcherRecentEditedChangedToggleCheckBox" />
  <action id="Table-selectPreviousRow">
    <keyboard-shortcut first-keystroke="up" />
  </action>
  <action id="TableResult.GrowSelection">
    <keyboard-shortcut first-keystroke="meta e" />
  </action>
  <action id="TableResult.SelectAllOccurrences" />
  <action id="TableResult.SelectColumn">
    <keyboard-shortcut first-keystroke="shift back_quote" />
  </action>
  <action id="TableResult.ShrinkSelection" />
  <action id="Terminal.ClearBuffer" />
  <action id="Terminal.ClearPrompt" />
  <action id="Terminal.CloseSession" />
  <action id="Terminal.NewTab">
    <keyboard-shortcut first-keystroke="meta n" />
  </action>
  <action id="Terminal.NextSplitter">
    <keyboard-shortcut first-keystroke="meta right" />
  </action>
  <action id="Terminal.PrevSplitter">
    <keyboard-shortcut first-keystroke="meta left" />
  </action>
  <action id="Terminal.RenameSession">
    <keyboard-shortcut first-keystroke="alt r" />
  </action>
  <action id="Terminal.SearchInCommandHistory" />
  <action id="Terminal.SelectBlockAbove">
    <keyboard-shortcut first-keystroke="up" />
  </action>
  <action id="Terminal.SelectLastBlock" />
  <action id="Terminal.SelectPrompt" />
  <action id="Terminal.SmartCommandExecution.Run" />
  <action id="Terminal.SplitHorizontally">
    <keyboard-shortcut first-keystroke="shift meta d" />
  </action>
  <action id="Terminal.SplitVertically">
    <keyboard-shortcut first-keystroke="meta d" />
  </action>
  <action id="TfFmtFileAction">
    <keyboard-shortcut first-keystroke="shift ctrl f" />
  </action>
  <action id="TodoViewGroupByFlattenPackage" />
  <action id="TodoViewGroupByShowPackages" />
  <action id="ToggleLineBreakpoint">
    <keyboard-shortcut first-keystroke="meta f8" />
    <keyboard-shortcut first-keystroke="ctrl b" />
  </action>
  <action id="Tree-selectParent">
    <keyboard-shortcut first-keystroke="left" />
  </action>
  <action id="Tree-selectPrevious">
    <keyboard-shortcut first-keystroke="up" />
  </action>
  <action id="TypeHierarchy" />
  <action id="TypeHierarchyBase.BaseOnThisType" />
  <action id="Uml.NewElement" />
  <action id="UsageFiltering.ReadAccess" />
  <action id="UsageFiltering.WriteAccess" />
  <action id="UsageGrouping.Directory" />
  <action id="UsageGrouping.DirectoryStructure" />
  <action id="UsageGrouping.UsageType" />
  <action id="UsageView.ShowRecentFindUsages" />
  <action id="Vcs.Log.FocusTextFilter" />
  <action id="Vcs.Log.Refresh" />
  <action id="Vcs.QuickListPopupAction" />
  <action id="Vcs.UpdateProject" />
  <action id="ViewSource" />
  <action id="XDebugger.CopyWatch" />
  <action id="XDebugger.MoveWatchDown">
    <keyboard-shortcut first-keystroke="meta down" />
  </action>
  <action id="com.codeium.intellij.chat_window.OpenChatWindowAction">
    <keyboard-shortcut first-keystroke="meta period" />
  </action>
  <action id="com.codeium.intellij.chat_window.send_to_cascade.SendToCascade">
    <keyboard-shortcut first-keystroke="meta period" />
  </action>
  <action id="com.codeium.intellij.command.CommandAction">
    <keyboard-shortcut first-keystroke="alt i" />
  </action>
  <action id="org.intellij.plugins.markdown.ui.actions.styling.InsertImageAction" />
  <action id="org.intellij.plugins.markdown.ui.actions.styling.ToggleItalicAction" />
</keymap>